{"created_at":{"0":1610583417000,"1":1610512026000,"2":1609791226000,"3":1609717880000,"4":1609714932000,"5":1609706681000,"6":1609660693000,"7":1609652351000,"8":1609650162000,"9":1609621006000,"10":1609620626000,"11":1609609571000,"12":1609607453000,"13":1609607149000},"text":{"0":"The reason I have so much passion for #Bitcoin is largely because of the model it demonstrates: a foundational internet technology that is not controlled or influenced by any single individual or entity. This is what the internet wants to be, and over time, more of it will be.","1":"@bitcoinzay \ud83d\ude4f\ud83c\udffc","2":"Our comments on FinCen\u2019s rule proposal on #bitcoin and \u201ccryptocurrency.\u201d\n\nWe believe this rule will do the opposite of what it intends, will leave people out of participating fully in the economy, and that it being rushed prevents better solutions.\n\nhttps:\/\/t.co\/VRXYpLg8Mw","3":"RT @BitcoinMagazine: Proof of Keys Day - Learn Bitcoin Best Practices - Hosted by @ck_SNARKs &amp; @matt_odell https:\/\/t.co\/Ft5pVFM8fn","4":"RT @balajis: It is not possible for the US government to mount a technical attack on #Bitcoin. They're barely able to mail paper checks.\n\nH\u2026","5":"RT @DocumentBitcoin: Twelve years ago today, an anonymous developer by the name Satoshi Nakamoto, launched the #Bitcoin Network. \n\nThe firs\u2026","6":"RT @Diditaihuttu: Happy Birthday #BITCOIN 3 January 2009, the BTC network came into existence. The genesis block of bitcoin (block number 0\u2026","7":"Happy birthday #Bitcoin","8":"#Bitcoin Security Guide https:\/\/t.co\/SscJNiO64E","9":"Follow #bitcoin: https:\/\/t.co\/OfCW18tM4l","10":"@DrJackKruse @michael_saylor We did with Square. In addition to giving our patents and funding open source Bitcoin development.","11":"RT @DocumentBitcoin: #Bitcoin is now the 17th largest currency in the world. It just flipped the Saudi riyal  \ud83c\uddf8\ud83c\udde6  by market capitalization\u2026","12":"RT @TheBlueMatt: Bitcoin is one of Cypherpunkdom's Greatest Achievements\n\nhttps:\/\/t.co\/8VUTa3qOFH","13":"RT @DocumentBitcoin: This year, #Bitcoin surpassed these nation's currencies:\n\nTaiwan\nNetherlands\nIndia\nSweden\nHong Kong\nSaudi Arabia\nLuxem\u2026"},"id":{"0":1349510779033174016,"1":1349211345615421440,"2":1346188092210724864,"3":1345880453761253376,"4":1345868089246695424,"5":1345833485387218944,"6":1345640594509422592,"7":1345605607206735872,"8":1345596424679956480,"9":1345474136756273152,"10":1345472542522265600,"11":1345426173967306752,"12":1345417292373401600,"13":1345416014540914688},"public_metrics":{"0":{"retweet_count":4309,"reply_count":1857,"like_count":23057,"quote_count":1809},"1":{"retweet_count":29,"reply_count":57,"like_count":535,"quote_count":7},"2":{"retweet_count":744,"reply_count":213,"like_count":3776,"quote_count":83},"3":{"retweet_count":130,"reply_count":0,"like_count":0,"quote_count":0},"4":{"retweet_count":161,"reply_count":0,"like_count":0,"quote_count":0},"5":{"retweet_count":508,"reply_count":0,"like_count":0,"quote_count":0},"6":{"retweet_count":340,"reply_count":0,"like_count":0,"quote_count":0},"7":{"retweet_count":5869,"reply_count":1083,"like_count":40870,"quote_count":448},"8":{"retweet_count":2092,"reply_count":382,"like_count":10724,"quote_count":169},"9":{"retweet_count":1270,"reply_count":586,"like_count":7952,"quote_count":166},"10":{"retweet_count":7,"reply_count":3,"like_count":52,"quote_count":1},"11":{"retweet_count":964,"reply_count":0,"like_count":0,"quote_count":0},"12":{"retweet_count":92,"reply_count":0,"like_count":0,"quote_count":0},"13":{"retweet_count":785,"reply_count":0,"like_count":0,"quote_count":0}}}