{"created_at":{"0":1611941301000,"1":1611770998000},"text":{"0":"RT @RayDalio: I am writing this to clarify what I think of Bitcoin.\u00a0https:\/\/t.co\/l1NHOlRgoM","1":"RT @FrancisSuarez: The City of Miami believes in #Bitcoin and I\u2019m working day and night to turn Miami into a hub for crypto innovation. \n\nP\u2026"},"id":{"0":1355206157879545856,"1":1354491856650817536},"public_metrics":{"0":{"retweet_count":2254,"reply_count":0,"like_count":0,"quote_count":0},"1":{"retweet_count":3317,"reply_count":0,"like_count":0,"quote_count":0}}}