{"public_metrics":{"0":{"retweet_count":6655,"reply_count":1886,"like_count":26597,"quote_count":1209},"1":{"retweet_count":48,"reply_count":0,"like_count":0,"quote_count":0},"2":{"retweet_count":63,"reply_count":32,"like_count":627,"quote_count":25},"3":{"retweet_count":214,"reply_count":0,"like_count":0,"quote_count":0},"4":{"retweet_count":4550,"reply_count":1592,"like_count":32628,"quote_count":716},"5":{"retweet_count":99,"reply_count":0,"like_count":0,"quote_count":0},"6":{"retweet_count":111,"reply_count":0,"like_count":0,"quote_count":0}},"text":{"0":"JAY-Z\/@S_C_ and I are giving 500 BTC to a new endowment named \u20bftrust to fund #Bitcoin development, initially focused on teams in Africa &amp; India. It\u2018ll be set up as a blind irrevocable trust, taking zero direction from us. We need 3 board members to start: https:\/\/t.co\/L4mRBryMJe","1":"RT @moneyball: Great overview of what the bitcoin design community has been up to, where it is headed, and how you can get involved!","2":"@_jonasschnelli_ @gonzoucab # here's how I did it after git clone\ncd bitcoin\/depends\nmake\ncd ..\n.\/autogen.sh\n.\/configure --prefix=$PWD\/depends\/arm-apple-darwin20.3.0\nmake","3":"RT @bitcoinzay: The Black #Bitcoin Billionaires on Clubhouse are glad to partner with @cashapp \n\nThe Satoshi Millionaire Campaign \ud83d\ude80\n\nSign u\u2026","4":"Running #bitcoin https:\/\/t.co\/W51ga3yrKb","5":"RT @CryptoPlug3: Crypto Blockchain Plug has locked arms with the Black Bitcoin Billionaires to make sure that 100k families obtain 1 Millio\u2026","6":"RT @MuunWallet: We're excited to share Muun's new open-source model, which is much more aligned with the values of bitcoin's community and\u2026"},"created_at":{"0":1613111632000,"1":1612976032000,"2":1612647987000,"3":1612554438000,"4":1612509355000,"5":1612401847000,"6":1612217584000},"id":{"0":1360114881978982400,"1":1359546136785129472,"2":1358170216136511488,"3":1357777841098682368,"4":1357588751757627392,"5":1357137828753231872,"6":1356364974075990016}}