{"text":{"0":"Bitcoin, Blockchain and the Black Community - CoinDesk https:\/\/t.co\/3KH6W7Rg0Q","1":"RT @bitcoinzay: Starting in less than an hour! \ud83d\udc47\ud83c\udffe\n\nTune into @CoinDesk TV and watch #CommunityCrypto at 5pm ET \n\nSee you then! \u270a\ud83c\udffe","2":"@bitcoinbrink \ud83d\ude4f\ud83c\udffc"},"public_metrics":{"0":{"retweet_count":683,"reply_count":399,"like_count":3638,"quote_count":89},"1":{"retweet_count":35,"reply_count":0,"like_count":0,"quote_count":0},"2":{"retweet_count":19,"reply_count":46,"like_count":513,"quote_count":3}},"created_at":{"0":1614296194000,"1":1614295962000,"2":1614100411000},"id":{"0":1365083296414113792,"1":1365082324900012032,"2":1364262123417726976}}