{"created_at":{"0":1615576290000,"1":1615307822000,"2":1614812244000},"id":{"0":1370452409957384192,"1":1369326373035245568,"2":1367247766452273152},"public_metrics":{"0":{"retweet_count":166,"reply_count":0,"like_count":0,"quote_count":0},"1":{"retweet_count":749,"reply_count":460,"like_count":5595,"quote_count":255},"2":{"retweet_count":3661,"reply_count":567,"like_count":15118,"quote_count":311}},"text":{"0":"RT @hello_bitcoin: Many critics think bitcoin has no value. \n\nWe happen to believe that enabling human freedoms at global scale is pretty v\u2026","1":"Ending this March 21st\n\nWill immediately convert proceeds to #Bitcoin\n\nAnd send to @GiveDirectly Africa Response","2":"An excellent and inspiring introduction to, and reminder of, #Bitcoin's value to the world, all through a comprehensive and historical lens on money. https:\/\/t.co\/7XsLye608n"}}