{"id":{"0":1376570960665436160,"1":1372590033803284480,"2":1372226044946755584},"text":{"0":"RT @moneyball: Early adopter of #bitcoin as unit of account","1":"beautiful work #bitcoin https:\/\/t.co\/BErHZ2wUts","2":"#bitcoin first https:\/\/t.co\/vd5fBRSkkn"},"created_at":{"0":1617035067000,"1":1616085940000,"2":1615999158000},"public_metrics":{"0":{"retweet_count":45,"reply_count":0,"like_count":0,"quote_count":0},"1":{"retweet_count":1581,"reply_count":338,"like_count":7172,"quote_count":158},"2":{"retweet_count":1639,"reply_count":482,"like_count":10091,"quote_count":114}}}