{"text":{"0":"RT @replit: Announcing Replit Ventures \ud83d\ude80 A new kind of startup incubator:\n\n\ud83c\udf0d 100% remote &amp; global\n\ud83d\udcb0 100% #Bitcoin funding pool\n\ud83d\udcbb Full servi\u2026","1":"RT @coryklippsten: Bitcoin isn't \"rife with illicit activity. In fact, there was probably less illicit activity in the Bitcoin ecosystem th\u2026","2":"RT @sqcrypto: Not even 2 weeks after announcing bitcoin denominated grants, we\u2019re giving @wiz and @softsimon_\u2019s @mempool 14,043,207 sats (o\u2026","3":"Announcing CCI #bitcoin https:\/\/t.co\/cT3AQf0op7"},"created_at":{"0":1618336151000,"1":1618331542000,"2":1617815003000,"3":1617726365000},"id":{"0":1382028103778713600,"1":1382008771237527552,"2":1379842250243407872,"3":1379470475605196800},"public_metrics":{"0":{"retweet_count":186,"reply_count":0,"like_count":0,"quote_count":0},"1":{"retweet_count":163,"reply_count":0,"like_count":0,"quote_count":0},"2":{"retweet_count":71,"reply_count":0,"like_count":0,"quote_count":0},"3":{"retweet_count":833,"reply_count":475,"like_count":4788,"quote_count":139}}}