{"id":{"0":1387393276341374976,"1":1387392537007120384,"2":1387097458866475008,"3":1384903902907314176},"public_metrics":{"0":{"retweet_count":100,"reply_count":0,"like_count":0,"quote_count":0},"1":{"retweet_count":248,"reply_count":0,"like_count":0,"quote_count":0},"2":{"retweet_count":106,"reply_count":0,"like_count":0,"quote_count":0},"3":{"retweet_count":3308,"reply_count":1472,"like_count":17388,"quote_count":1146}},"text":{"0":"RT @CoinDesk: NEW: @CashApp has added former @uschamber policy executive @julie_stitzel as its new bitcoin policy lead.\n\n@nikhileshde @zack\u2026","1":"RT @NeerajKA: Bitcoin Peer-to-Peer Trading Up 27% in Nigeria Since Crypto Ban  https:\/\/t.co\/mhC4lpjtjZ","2":"RT @TheBlueMatt: Literally the thing many bitcoin miners have been focusing on doing.\n\nhttps:\/\/t.co\/AYHpHAfd3h","3":"#bitcoin incentivizes renewable energy https:\/\/t.co\/KCe5bwdVs4"},"created_at":{"0":1619615308000,"1":1619615131000,"2":1619544779000,"3":1619021795000}}