{"text":{"0":"@l_ToxjQ_l @gladstein @knutsvanholm extremely unlikely. the conditions needed to create and sustain bitcoin were very special.","1":"#bitcoin changes *everything*\u2026for the better.\n\nAnd we will forever work to make bitcoin better. https:\/\/t.co\/wssrF2U0P0","2":"RT @seyitaylor: Create Afrofuturist Art.\nWin Bitcoin.  https:\/\/t.co\/mzOwvaROG5","3":"RT @NBCNewsTHINK: Bitcoin gets Wall Street's attention. But its power lies in aiding oppressed peoples, writes @aubreystrobel.\n\nBy holding\u2026"},"created_at":{"0":1621032247000,"1":1621025978000,"2":1620585710000,"3":1620395168000},"id":{"0":1393336348216631296,"1":1393310054355451904,"2":1391463437277007872,"3":1390664247785496576},"public_metrics":{"0":{"retweet_count":199,"reply_count":70,"like_count":1677,"quote_count":38},"1":{"retweet_count":5644,"reply_count":1929,"like_count":28944,"quote_count":1042},"2":{"retweet_count":152,"reply_count":0,"like_count":0,"quote_count":0},"3":{"retweet_count":167,"reply_count":0,"like_count":0,"quote_count":0}}}