{"public_metrics":{"0":{"retweet_count":384,"reply_count":0,"like_count":0,"quote_count":0},"1":{"retweet_count":417,"reply_count":0,"like_count":0,"quote_count":0},"2":{"retweet_count":850,"reply_count":0,"like_count":0,"quote_count":0},"3":{"retweet_count":78,"reply_count":0,"like_count":0,"quote_count":0},"4":{"retweet_count":73,"reply_count":0,"like_count":0,"quote_count":0},"5":{"retweet_count":82,"reply_count":0,"like_count":0,"quote_count":0},"6":{"retweet_count":139,"reply_count":0,"like_count":0,"quote_count":0}},"id":{"0":1397900554005778432,"1":1397716497779154944,"2":1397404899860692992,"3":1397226062183022592,"4":1396859040492310528,"5":1395664673995771904,"6":1395065660062015488},"text":{"0":"RT @gladstein: 1\/ My latest essay is live:\n\n\"The Humanitarian and Environmental Case for Bitcoin\"\n\nCould Bitcoin reduce \"middleman\" corrupt\u2026","1":"RT @tjma2001: Bitcoin is African. This shit was made for us. \n\nThe price could stay at $40k for the next ten years IDGAF. People sleeping o\u2026","2":"RT @DocumentingBTC: Africa is leading the world in peer-to-peer #bitcoin trading volume growth, with 22% in the last three months. \n\nNumber\u2026","3":"RT @sqcrypto: New grant. Dhruv Mehta (@dhruv) is a Core contributor whose thesis is that despite bitcoin\u2019s sybil resistance and proof-of-wo\u2026","4":"RT @sqcrypto: Please welcome Conor Okus (@conorokus) to Square Crypto. A footballer turned bitcoiner, Conor is a Bitcoin Design Guide PM, a\u2026","5":"RT @milessuter: Calling all #Bitcoin Operators: hugely impactful work to be done here, alongside the incredible @laurenceaderemi and @jayhi\u2026","6":"RT @RajarshiMaitra: Officially quit my fiat job today to work full time #Bitcoin. \n\nBitcoin has changed me more than I can ever change Bitc\u2026"},"created_at":{"0":1622120438000,"1":1622076556000,"2":1622002265000,"3":1621959627000,"4":1621872122000,"5":1621587363000,"6":1621444547000}}