{"text":{"0":"RT @criptobastardo: Hoy vamos a tener a @beachainbtc, @bitentrepreneur, @theotoukou, @guzmanpintos y otros mineros para hablar sobre #Bitco\u2026","1":"RT @DocumentingBTC: Venezuela \ud83c\uddfb\ud83c\uddea has the 3rd highest level of #Bitcoin adoption in the world, as people  increasingly use it to mitigate ec\u2026","2":"\ud83c\udf0d#Bitcoin https:\/\/t.co\/5RgLqdfk7k","3":"RT @michael_saylor: On Wednesday, you are all invited to meet with members of the Bitcoin Mining Council to discuss the latest on #Bitcoin\u2026","4":"The people of Nigeria will lead #bitcoin \ud83c\uddf3\ud83c\uddec https:\/\/t.co\/A8Ev3tMkJS","5":"\ud83c\uddf3\ud83c\uddec\ud83e\udd1d#bitcoin","6":"RT @builtwithbtc: We're Built With Bitcoin \ud83d\udc4b\n\nA foundation creating equitable opportunity by providing clean water, quality education, sust\u2026","7":"RT @bitentrepreneur: TAPROOT has locked-in. Excellent work miners! Congratulations bitcoiners! \ud83d\udfe9                                 #Bitcoin p\u2026","8":"\"\u2026useless complicated math problems\u2026\"\n\n@SenWarren if you believe #bitcoin doesn't ultimately shift power from banks &amp; corporations (the ones you fight!) back to the people globally\u2026you're right\u2026useless. If instead you want to help us decentralize that power\u2026math is critical. https:\/\/t.co\/vKLzICFUVV","9":"@jackmallers @gladstein @deyonte_btc @sphinx_chat @MartyBent @ODELL @Twitter @ln_strike def. cc @kayvz @paraga","10":"RT @TechCortes: Seguiremos hablando un solo lenguaje por Latinamerica #Bitcoin","11":"RT @camilacampton: #Bitcoin is for everyone \ud83e\udde1","12":"RT @criptobastardo: Todos hablamos un lenguaje y es #bitcoin","13":"de nuevo #bitcoin \n https:\/\/t.co\/NDoRpMSwcj","14":"\u201cWe all speak one language, and it is #bitcoin\u201d\u2014@camilacampton","15":"@deyonte_btc @sphinx_chat @MartyBent @ODELL Only a matter of time","16":"RT @nayibbukele: Soon, that well is going to look like this...\n\nAnd half a mile from it, the #bitcoin mining facility.\n\nDesigning that as w\u2026","17":"#bitcoin\u00a0 incentivizes renewable energy https:\/\/t.co\/UEMcyWPfhG","18":"RT @DocumentingBTC: El Salvador \ud83c\uddf8\ud83c\uddfb may soon be mining #Bitcoin using volcanoes. \ud83c\udf0b\n\nIf all 644 MW of the wasted geothermal energy was used,\u2026","19":"RT @milessuter: Lots of bitcoiners are asking how they can support El Salvador \ud83c\uddf8\ud83c\uddfb\n\nMaking a contribution in bitcoin to the cause below is a\u2026","20":"RT @CaitlinLong_: WHAT I FIND MOST SIGNIFICANT about #ElSalvador's move=it has nothing to do with speculating on #bitcoin's price (how refr\u2026","21":"RT @DocumentingBTC: Wikipedia now lists #Bitcoin as El Salvador's currency. https:\/\/t.co\/JfbdoeBumB","22":"RT @BTCTN: \u201cNext week, I will send to congress a bill that will make #bitcoin legal tender in El Salvador. In the short term this will gene\u2026","23":"RT @gladstein: Historic moment.\n\nEl Salvador on track to become the first country to accept Bitcoin as legal tender and to hold Bitcoin as\u2026","24":"RT @Square: We\u2019re committed to driving further adoption and efficiency of renewables within the bitcoin ecosystem, which is why we\u2019ve teame\u2026","25":"5\/Mobile devices are a huge liability. An always-in-your-pocket device will never be safe enough to be solely responsible for your bitcoin. Whether through accidental loss, theft, or in worst cases coercion, having some friction here is beneficial. What\u2019s the right friction?","26":"2\/\u201cNo keys, no cheese.\u201d The exchange you used to buy your bitcoin probably attends to your security with good intent, but circumstances may reveal \u201ccustody\u201d actually means \u201cIOU.\u201d Deciding to take custody, and security, of your bitcoin is complicated. What\u2019s the #1 problem here?","27":"1\/Bitcoin is for everyone. It\u2019s important to us to build an inclusive product that brings a non-custodial solution to the global market. Much respect to everyone who has gotten us this far. What are the biggest blockers to get a non-custodial solution to the next 100M people?","28":"Square is considering making a hardware wallet for #bitcoin. If we do it, we would build it entirely in the open, from software to hardware design, and in collaboration with the community. We want to kick off this thinking the right way: by sharing some of our guiding principles.","29":"RT @moneyball: The full power of bitcoin is only realized when users take charge of their coins. But designing self-custody bitcoin applica\u2026"},"public_metrics":{"0":{"retweet_count":53,"reply_count":0,"like_count":0,"quote_count":0},"1":{"retweet_count":2749,"reply_count":0,"like_count":0,"quote_count":0},"2":{"retweet_count":2490,"reply_count":343,"like_count":13384,"quote_count":92},"3":{"retweet_count":1451,"reply_count":0,"like_count":0,"quote_count":0},"4":{"retweet_count":12512,"reply_count":965,"like_count":35688,"quote_count":646},"5":{"retweet_count":16517,"reply_count":2375,"like_count":59980,"quote_count":1433},"6":{"retweet_count":201,"reply_count":0,"like_count":0,"quote_count":0},"7":{"retweet_count":359,"reply_count":0,"like_count":0,"quote_count":0},"8":{"retweet_count":3630,"reply_count":1431,"like_count":18748,"quote_count":495},"9":{"retweet_count":53,"reply_count":48,"like_count":837,"quote_count":34},"10":{"retweet_count":57,"reply_count":0,"like_count":0,"quote_count":0},"11":{"retweet_count":268,"reply_count":0,"like_count":0,"quote_count":0},"12":{"retweet_count":83,"reply_count":0,"like_count":0,"quote_count":0},"13":{"retweet_count":385,"reply_count":215,"like_count":3044,"quote_count":55},"14":{"retweet_count":829,"reply_count":228,"like_count":5185,"quote_count":139},"15":{"retweet_count":429,"reply_count":116,"like_count":3564,"quote_count":153},"16":{"retweet_count":2667,"reply_count":0,"like_count":0,"quote_count":0},"17":{"retweet_count":4651,"reply_count":997,"like_count":27906,"quote_count":519},"18":{"retweet_count":2309,"reply_count":0,"like_count":0,"quote_count":0},"19":{"retweet_count":102,"reply_count":0,"like_count":0,"quote_count":0},"20":{"retweet_count":1455,"reply_count":0,"like_count":0,"quote_count":0},"21":{"retweet_count":1345,"reply_count":0,"like_count":0,"quote_count":0},"22":{"retweet_count":960,"reply_count":0,"like_count":0,"quote_count":0},"23":{"retweet_count":1346,"reply_count":0,"like_count":0,"quote_count":0},"24":{"retweet_count":707,"reply_count":0,"like_count":0,"quote_count":0},"25":{"retweet_count":108,"reply_count":108,"like_count":1054,"quote_count":10},"26":{"retweet_count":331,"reply_count":71,"like_count":4305,"quote_count":34},"27":{"retweet_count":521,"reply_count":160,"like_count":5464,"quote_count":74},"28":{"retweet_count":12115,"reply_count":2965,"like_count":67021,"quote_count":1937},"29":{"retweet_count":105,"reply_count":0,"like_count":0,"quote_count":0}},"created_at":{"0":1623631860000,"1":1623615519000,"2":1623549153000,"3":1623548062000,"4":1623547878000,"5":1623530011000,"6":1623503133000,"7":1623501879000,"8":1623441335000,"9":1623440839000,"10":1623385231000,"11":1623384495000,"12":1623383580000,"13":1623382786000,"14":1623379962000,"15":1623377935000,"16":1623376728000,"17":1623282348000,"18":1623262663000,"19":1623260857000,"20":1623252545000,"21":1623252494000,"22":1622934535000,"23":1622926840000,"24":1622916058000,"25":1622821363000,"26":1622821061000,"27":1622821061000,"28":1622821061000,"29":1622652759000},"id":{"0":1404239915597053952,"1":1404171376911523840,"2":1403893020756426752,"3":1403888443218960384,"4":1403887669768339456,"5":1403812730881052672,"6":1403699998060077056,"7":1403694738511958016,"8":1403440797610020864,"9":1403438718929752064,"10":1403205482236493824,"11":1403202392255086592,"12":1403198554303254528,"13":1403195224768319488,"14":1403183382650142720,"15":1403174877444587520,"16":1403169815620206592,"17":1402773957653241856,"18":1402691392724480000,"19":1402683819380072448,"20":1402648955700355072,"21":1402648741090373632,"22":1401315123457937408,"23":1401282847709749248,"24":1401237627676905472,"25":1400840446285389824,"26":1400839181329383424,"27":1400839180503158784,"28":1400839179513339904,"29":1400133271099412480}}