{"created_at":{"0":1624633447000,"1":1624593190000,"2":1624552684000,"3":1624546458000,"4":1624546419000,"5":1624476321000,"6":1624067066000,"7":1624055748000,"8":1623877875000},"id":{"0":1408440878235017216,"1":1408272029380448256,"2":1408102135040970752,"3":1408076021354708992,"4":1408075857462185984,"5":1407781842044997632,"6":1406065305126936576,"7":1406017834338107392,"8":1405271777807196160},"public_metrics":{"0":{"retweet_count":711,"reply_count":394,"like_count":6421,"quote_count":47},"1":{"retweet_count":5210,"reply_count":0,"like_count":0,"quote_count":0},"2":{"retweet_count":3432,"reply_count":724,"like_count":21019,"quote_count":305},"3":{"retweet_count":7,"reply_count":17,"like_count":238,"quote_count":1},"4":{"retweet_count":26,"reply_count":43,"like_count":718,"quote_count":7},"5":{"retweet_count":525,"reply_count":0,"like_count":0,"quote_count":0},"6":{"retweet_count":350,"reply_count":0,"like_count":0,"quote_count":0},"7":{"retweet_count":265,"reply_count":0,"like_count":0,"quote_count":0},"8":{"retweet_count":1126,"reply_count":0,"like_count":0,"quote_count":0}},"text":{"0":"#Bitcoin gets its own tab in @CashApp https:\/\/t.co\/eJaSR3D8Oz","1":"RT @DocumentingBTC: President of El Salvador @NayibBukele has announced each registered citizen of their wallet app will receive $30 in fre\u2026","2":"The #bitcoin development community above all else.\n\nAs more companies and institutions get into the mix, we all want to help protect and spread what makes #bitcoin open development so perfect.\n\nThis day is focused on education and actions to do just that.\n\nhttps:\/\/t.co\/5pxX1LIVVA","3":"@DaveCurtis86 @BitcoinMagazine @CathieDWood @adam3us @nic__carter @neha Always has been","4":"@MrCrinkleCat @BitcoinMagazine @CathieDWood @adam3us @nic__carter @neha Never","5":"RT @CashApp: Buy and sell bitcoin and stocks automatically when they hit your chosen prices, and take the guesswork out of investing. Custo\u2026","6":"RT @RussellOkung: Africa will not be stopped.\n\nThe Marathon: Ethiopia And Bitcoin https:\/\/t.co\/IdU5yirJ7a via @KalKassa","7":"RT @gladstein: Showed someone halfway around the world how to set up a Bitcoin wallet today. Sent them some BTC on-chain and via LN, and ha\u2026","8":"RT @CashApp: Send cash. Send bitcoin. Switch with a tap. https:\/\/t.co\/f3ejubdAC7"}}