{"public_metrics":{"0":{"retweet_count":192,"reply_count":222,"like_count":2344,"quote_count":62},"1":{"retweet_count":274,"reply_count":0,"like_count":0,"quote_count":0},"2":{"retweet_count":92,"reply_count":112,"like_count":1004,"quote_count":11},"3":{"retweet_count":370,"reply_count":399,"like_count":10012,"quote_count":73},"4":{"retweet_count":391,"reply_count":0,"like_count":0,"quote_count":0}},"id":{"0":1420871608844099584,"1":1417875328295395328,"2":1417214015030407168,"3":1417205252957384704,"4":1417155092491481088},"text":{"0":"@paid_network @Diditaihuttu @Twitter All of those were paid for. Except Bitcoin.","1":"RT @sqcrypto: #TheBWord, the biggest bitcoin conference since the last one, starts in 60 minutes. It\u2019s free and there\u2019s still time to regis\u2026","2":"@elonmusk @BitcoinMagazine @CathieDWood Or we go with this one instead: https:\/\/t.co\/c6yN8q09hA","3":"@elonmusk @BitcoinMagazine @CathieDWood Can I borrow a wig?","4":"RT @sqcrypto: The #TheBWord, a conference about the role of institutions in bitcoin, is in two days. What questions should @moneyball ask @\u2026"},"created_at":{"0":1627597164000,"1":1626882795000,"2":1626725126000,"3":1626723037000,"4":1626711078000}}