{"created_at":{"0":1628944247000,"1":1628817991000,"2":1628812654000,"3":1628811910000,"4":1628811266000,"5":1628726383000,"6":1628715796000,"7":1628686122000,"8":1628641337000,"9":1628546861000,"10":1628543711000,"11":1628541946000,"12":1628531259000,"13":1628441089000,"14":1628352784000,"15":1628223325000},"id":{"0":1426521682538344448,"1":1425992128602288128,"2":1425969744256065536,"3":1425966622771191808,"4":1425963920272068608,"5":1425607896113496064,"6":1425563489121230848,"7":1425439030724923392,"8":1425251187528437760,"9":1424854924194729984,"10":1424841714833952768,"11":1424834311438622720,"12":1424789485406068736,"13":1424411286725701632,"14":1424040909587558400,"15":1423497915918655488},"public_metrics":{"0":{"retweet_count":4470,"reply_count":1170,"like_count":19450,"quote_count":820},"1":{"retweet_count":5,"reply_count":5,"like_count":54,"quote_count":1},"2":{"retweet_count":10,"reply_count":14,"like_count":163,"quote_count":3},"3":{"retweet_count":66,"reply_count":50,"like_count":578,"quote_count":14},"4":{"retweet_count":122,"reply_count":64,"like_count":1136,"quote_count":25},"5":{"retweet_count":111,"reply_count":0,"like_count":0,"quote_count":0},"6":{"retweet_count":317,"reply_count":257,"like_count":4874,"quote_count":86},"7":{"retweet_count":702,"reply_count":0,"like_count":0,"quote_count":0},"8":{"retweet_count":4,"reply_count":2,"like_count":66,"quote_count":0},"9":{"retweet_count":5475,"reply_count":3570,"like_count":31405,"quote_count":2685},"10":{"retweet_count":288,"reply_count":0,"like_count":0,"quote_count":0},"11":{"retweet_count":510,"reply_count":0,"like_count":0,"quote_count":0},"12":{"retweet_count":1440,"reply_count":406,"like_count":9571,"quote_count":80},"13":{"retweet_count":235,"reply_count":111,"like_count":3163,"quote_count":34},"14":{"retweet_count":184,"reply_count":0,"like_count":0,"quote_count":0},"15":{"retweet_count":170,"reply_count":0,"like_count":0,"quote_count":0}},"text":{"0":"Wow: \u201c32 percent of Nigerians own Bitcoin, the highest percentage in the world.\u201d \ud83c\uddf3\ud83c\uddec \n\nOpen letter to @SenWarren:\nhttps:\/\/t.co\/Dl11yxRKyQ","1":"@CryptoSeaOtter @satoshiattorney @seyitaylor I agree with the spirit of NFTs. And I never said anything about Bitcoin and NFTs","2":"@MiguelCervera @iamDCinvestor @mdudas As have you on Bitcoin ;) decentralization isn\u2019t an end goal tho, it\u2019s just one method of fixing the money.","3":"@FranBoll11 @cory_eth @santisiri Focus on one thing isn\u2019t hate of the others. I\u2019ve made my concerns known about others in comparison to Bitcoin. Key ones are founding principles, security, and centralization.","4":"@iamDCinvestor @mdudas Focusing on the principles and structure behind any currency is what matters. Hence, for me, Bitcoin.","5":"RT @PeterChawaga: Of all the insight surfaced in this report, I was most struck by how widespread use of Bitcoin already seems to be in Cub\u2026","6":"@zackvoell Bitcoin fixes this","7":"RT @LynAldenContact: I wrote an article about bitcoin's scaling pattern and energy usage:\nhttps:\/\/t.co\/0m0RGXQ7E8","8":"@jchervinsky @CitizenBitcoin @julie_stitzel @CashApp Julie is great","9":"#Bitcoin will unite a deeply divided country.\n\n(and eventually: world)","10":"RT @pourteaux: .@SenShelby choosing bombs over bitcoin proves why we need bitcoin to win","11":"RT @BitcoinMagazine: They killed the amendment for more military spending.\n\nPathetic.","12":"Critical we protect Lightning\u26a1\ufe0f and other scalability solutions for #Bitcoin. Routers or node operators aren\u2019t brokers. Thanks @senrobportman @SenToomey for clarifying this, and @RonWyden @SenLummis @MarkWarner @SenatorSinema for improving language to get to a better place.","13":"@samarsingla @APompliano Nah. Bitcoin doesn\u2019t need presidents.","14":"RT @CharFadirepo: Expanding the #bitcoin narrative is really important to me.\n\nSo I\u2019d like to host a @TwitterSpaces on \u201c#Bitcoin in #Nigeri\u2026","15":"RT @clarkmoody: Best infrastructure move the US could make right now:\n\nStrategic Hashpower Reserve\n\n#Bitcoin"}}