{"created_at":{"0":1630088436000,"1":1629726217000},"text":{"0":"We\u2019ve determined @TDB54566975\u2019s direction: help us build an open platform to create a decentralized exchange for #Bitcoin https:\/\/t.co\/jHYWHy1qmu","1":"RT @gersonmartinez: #ElSalvador's Bitcoin Law goes into effect on September 7th and president @nayibbukele just made some important announc\u2026"},"id":{"0":1431320761474617344,"1":1429801502302932992},"public_metrics":{"0":{"retweet_count":1351,"reply_count":659,"like_count":7270,"quote_count":325},"1":{"retweet_count":674,"reply_count":0,"like_count":0,"quote_count":0}}}