{"id":{"0":1440323228690305024,"1":1438940275292917760},"public_metrics":{"0":{"retweet_count":580,"reply_count":0,"like_count":0,"quote_count":0},"1":{"retweet_count":40,"reply_count":0,"like_count":0,"quote_count":0}},"created_at":{"0":1632234792000,"1":1631905070000},"text":{"0":"RT @BitcoinMagazine: NEW - African remittances projected to drop by $3 billion this year. \n\n#Bitcoin eliminates third-party fees.\ud83e\udde1 https:\/\/\u2026","1":"RT @HBerkoe: During @Square's I&amp;D Week I spoke to @bitcoinzay and @Fancyfied about bitcoin. I'm a newcomer (4 months!) but it says a lot ab\u2026"}}