{"text":{"0":"is there a more honest market than Bitcoin?\n\n(obviously I don't think so)","1":"@btcplebeian Yes","2":"RT @CashApp: Take a hot lap around the Cryptoverse to learn about Bitcoin with @Max33Verstappen and @redbullracing  #CashAppSpeedLessons ht\u2026","3":"RT @tip_nz: #Bitcoin breaks all cycles. https:\/\/t.co\/aWeIC3KfOw","4":"RT @CitizenBitcoin: Free and open source software always wins in the long run."},"created_at":{"0":1635573199000,"1":1634917489000,"2":1634855257000,"3":1634771973000,"4":1634418434000},"id":{"0":1454325521886552064,"1":1451575275012050944,"2":1451314257665015808,"3":1450964937312923648,"4":1449482089506566144},"public_metrics":{"0":{"retweet_count":3527,"reply_count":3012,"like_count":30290,"quote_count":556},"1":{"retweet_count":17,"reply_count":56,"like_count":680,"quote_count":5},"2":{"retweet_count":933,"reply_count":0,"like_count":0,"quote_count":0},"3":{"retweet_count":586,"reply_count":0,"like_count":0,"quote_count":0},"4":{"retweet_count":209,"reply_count":0,"like_count":0,"quote_count":0}}}